{
  "BM25": {
    "num_queries": 2000,
    "gains_used": {
      "E": 1.0,
      "S": 0.7,
      "C": 0.5,
      "I": 0.0
    },
    "caveat": "NOTE: Curated pool evaluation treats unlabeled products as Irrelevant (gain=0.0). This assumption is standard (used by Qdrant's SPLADE evaluation) but may underestimate methods that retrieve truly relevant but unlabeled products.",
    "ndcg@10": 0.6480764971601436,
    "mrr@10": 0.8312664682539682,
    "precision@10": 0.641004761904762,
    "recall_exact@10": 0.4823570341095725,
    "recall_exact_sub@10": 0.39646005735698986,
    "ndcg@20": 0.6052513770208116,
    "mrr@20": 0.8316504670982612,
    "precision@20": 0.5495869346082195,
    "recall_exact@20": 0.6024883169145917,
    "recall_exact_sub@20": 0.530564936380834,
    "ndcg@50": 0.6022606765986498,
    "mrr@50": 0.8316689856167797,
    "precision@50": 0.5266642784812675,
    "recall_exact@50": 0.6295803130521427,
    "recall_exact_sub@50": 0.5590340464949828
  },
  "SPLADE (Prithivi)": {
    "num_queries": 2000,
    "gains_used": {
      "E": 1.0,
      "S": 0.7,
      "C": 0.5,
      "I": 0.0
    },
    "caveat": "NOTE: Curated pool evaluation treats unlabeled products as Irrelevant (gain=0.0). This assumption is standard (used by Qdrant's SPLADE evaluation) but may underestimate methods that retrieve truly relevant but unlabeled products.",
    "ndcg@10": 0.7255614724891664,
    "mrr@10": 0.8755087301587302,
    "precision@10": 0.7081234126984127,
    "recall_exact@10": 0.5534170563360935,
    "recall_exact_sub@10": 0.4530578403940801,
    "ndcg@20": 0.689849226325575,
    "mrr@20": 0.8757884064765644,
    "precision@20": 0.5982448153261428,
    "recall_exact@20": 0.6990407569702844,
    "recall_exact_sub@20": 0.6179928730426512,
    "ndcg@50": 0.6897518068844238,
    "mrr@50": 0.8757884064765644,
    "precision@50": 0.5659790411094859,
    "recall_exact@50": 0.7315454154953632,
    "recall_exact_sub@50": 0.6546799445674214
  },
  "SPLADE (Qdrant ESCI)": {
    "num_queries": 2000,
    "gains_used": {
      "E": 1.0,
      "S": 0.7,
      "C": 0.5,
      "I": 0.0
    },
    "caveat": "NOTE: Curated pool evaluation treats unlabeled products as Irrelevant (gain=0.0). This assumption is standard (used by Qdrant's SPLADE evaluation) but may underestimate methods that retrieve truly relevant but unlabeled products.",
    "ndcg@10": 0.697619227010708,
    "mrr@10": 0.861904761904762,
    "precision@10": 0.6811543650793651,
    "recall_exact@10": 0.523910873704305,
    "recall_exact_sub@10": 0.4333869254956281,
    "ndcg@20": 0.6596524913685052,
    "mrr@20": 0.8622017607392608,
    "precision@20": 0.5793878942286643,
    "recall_exact@20": 0.6614026410185927,
    "recall_exact_sub@20": 0.5887135099668797,
    "ndcg@50": 0.6600658259769261,
    "mrr@50": 0.8622017607392608,
    "precision@50": 0.5492801422839757,
    "recall_exact@50": 0.6949353957792039,
    "recall_exact_sub@50": 0.6253934603344827
  },
  "SPLADE (Naver)": {
    "num_queries": 2000,
    "gains_used": {
      "E": 1.0,
      "S": 0.7,
      "C": 0.5,
      "I": 0.0
    },
    "caveat": "NOTE: Curated pool evaluation treats unlabeled products as Irrelevant (gain=0.0). This assumption is standard (used by Qdrant's SPLADE evaluation) but may underestimate methods that retrieve truly relevant but unlabeled products.",
    "ndcg@10": 0.7359406726958373,
    "mrr@10": 0.8880224206349207,
    "precision@10": 0.7173402777777779,
    "recall_exact@10": 0.5616310918714458,
    "recall_exact_sub@10": 0.4590703459471148,
    "ndcg@20": 0.7020750170352295,
    "mrr@20": 0.888315395021645,
    "precision@20": 0.6082933896877976,
    "recall_exact@20": 0.7103191395671767,
    "recall_exact_sub@20": 0.6303281878832697,
    "ndcg@50": 0.7024619525250829,
    "mrr@50": 0.888315395021645,
    "precision@50": 0.5744891036336413,
    "recall_exact@50": 0.7437792431419059,
    "recall_exact_sub@50": 0.668253503189857
  },
  "Dense (SBERT)": {
    "num_queries": 2000,
    "gains_used": {
      "E": 1.0,
      "S": 0.7,
      "C": 0.5,
      "I": 0.0
    },
    "caveat": "NOTE: Curated pool evaluation treats unlabeled products as Irrelevant (gain=0.0). This assumption is standard (used by Qdrant's SPLADE evaluation) but may underestimate methods that retrieve truly relevant but unlabeled products.",
    "ndcg@10": 0.6510225183923335,
    "mrr@10": 0.840247306192779,
    "precision@10": 0.6380648657662165,
    "recall_exact@10": 0.48098314293823086,
    "recall_exact_sub@10": 0.40055583562062347,
    "ndcg@20": 0.6092563139955004,
    "mrr@20": 0.8407280551518111,
    "precision@20": 0.5519163505443411,
    "recall_exact@20": 0.6046898217115865,
    "recall_exact_sub@20": 0.5365918844937619,
    "ndcg@50": 0.6062625126693536,
    "mrr@50": 0.8407693215762693,
    "precision@50": 0.5289853271913296,
    "recall_exact@50": 0.6310996903640571,
    "recall_exact_sub@50": 0.5651786962847164
  },
  "Hybrid (RRF)": {
    "num_queries": 2000,
    "gains_used": {
      "E": 1.0,
      "S": 0.7,
      "C": 0.5,
      "I": 0.0
    },
    "caveat": "NOTE: Curated pool evaluation treats unlabeled products as Irrelevant (gain=0.0). This assumption is standard (used by Qdrant's SPLADE evaluation) but may underestimate methods that retrieve truly relevant but unlabeled products.",
    "ndcg@10": 0.7311220506080723,
    "mrr@10": 0.8865188492063492,
    "precision@10": 0.7015857142857143,
    "recall_exact@10": 0.5523818417776406,
    "recall_exact_sub@10": 0.4579443191482461,
    "ndcg@20": 0.7136424171241602,
    "mrr@20": 0.8870310589328971,
    "precision@20": 0.5398136258370971,
    "recall_exact@20": 0.7303253052269769,
    "recall_exact_sub@20": 0.6558569443967694,
    "ndcg@50": 0.7363260558992252,
    "mrr@50": 0.8871265398170071,
    "precision@50": 0.4332890125488743,
    "recall_exact@50": 0.8003927604575134,
    "recall_exact_sub@50": 0.7360856823089366
  },
  "BM25 Rerank (Dense)": {
    "num_queries": 2000,
    "gains_used": {
      "E": 1.0,
      "S": 0.7,
      "C": 0.5,
      "I": 0.0
    },
    "caveat": "NOTE: Curated pool evaluation treats unlabeled products as Irrelevant (gain=0.0). This assumption is standard (used by Qdrant's SPLADE evaluation) but may underestimate methods that retrieve truly relevant but unlabeled products.",
    "ndcg@10": 0.6672424631555873,
    "mrr@10": 0.8548847836616721,
    "precision@10": 0.6537226946806736,
    "recall_exact@10": 0.49038131055215417,
    "recall_exact_sub@10": 0.40886020560451897,
    "ndcg@20": 0.6176994851666289,
    "mrr@20": 0.8552682837700346,
    "precision@20": 0.5545426637009193,
    "recall_exact@20": 0.606713754132947,
    "recall_exact_sub@20": 0.5388344261363243,
    "ndcg@50": 0.6130022392408434,
    "mrr@50": 0.8552891275252456,
    "precision@50": 0.5289853271913296,
    "recall_exact@50": 0.6310996903640571,
    "recall_exact_sub@50": 0.5651786962847164
  },
  "BM25 Rerank (SPLADE (Prithivi))": {
    "num_queries": 2000,
    "gains_used": {
      "E": 1.0,
      "S": 0.7,
      "C": 0.5,
      "I": 0.0
    },
    "caveat": "NOTE: Curated pool evaluation treats unlabeled products as Irrelevant (gain=0.0). This assumption is standard (used by Qdrant's SPLADE evaluation) but may underestimate methods that retrieve truly relevant but unlabeled products.",
    "ndcg@10": 0.7026716471089337,
    "mrr@10": 0.8614287698412697,
    "precision@10": 0.6926734126984126,
    "recall_exact@10": 0.5327574812044008,
    "recall_exact_sub@10": 0.4402927211423609,
    "ndcg@20": 0.67665616759907,
    "mrr@20": 0.8619435342435341,
    "precision@20": 0.5960198153261428,
    "recall_exact@20": 0.6938282604472151,
    "recall_exact_sub@20": 0.6150071905743333,
    "ndcg@50": 0.6786400431584021,
    "mrr@50": 0.8619435342435341,
    "precision@50": 0.5659790411094859,
    "recall_exact@50": 0.7315454154953632,
    "recall_exact_sub@50": 0.6546799445674214
  }
}