{
  "BM25": {
    "num_queries": 2000,
    "gains_used": {
      "E": 1.0,
      "S": 0.7,
      "C": 0.5,
      "I": 0.0
    },
    "caveat": "NOTE: Curated pool evaluation treats unlabeled products as Irrelevant (gain=0.0). This assumption is standard (used by Qdrant's SPLADE evaluation) but may underestimate methods that retrieve truly relevant but unlabeled products.",
    "ndcg@10": 0.654702099373411,
    "mrr@10": 0.8325115079365079,
    "precision@10": 0.6288813492063492,
    "recall_exact@10": 0.4886966908596031,
    "recall_exact_sub@10": 0.40323198119321957,
    "ndcg@20": 0.6288618486797288,
    "mrr@20": 0.8331200574343957,
    "precision@20": 0.48638338260251957,
    "recall_exact@20": 0.6354767753213147,
    "recall_exact_sub@20": 0.5659435452039598,
    "ndcg@50": 0.6417681023957504,
    "mrr@50": 0.833223218810057,
    "precision@50": 0.4058124831173144,
    "recall_exact@50": 0.6890079634143662,
    "recall_exact_sub@50": 0.6252029449025331
  },
  "SPLADE (Prithivi)": {
    "num_queries": 2000,
    "gains_used": {
      "E": 1.0,
      "S": 0.7,
      "C": 0.5,
      "I": 0.0
    },
    "caveat": "NOTE: Curated pool evaluation treats unlabeled products as Irrelevant (gain=0.0). This assumption is standard (used by Qdrant's SPLADE evaluation) but may underestimate methods that retrieve truly relevant but unlabeled products.",
    "ndcg@10": 0.730389642437354,
    "mrr@10": 0.8764357142857143,
    "precision@10": 0.7024126984126983,
    "recall_exact@10": 0.5584899866552998,
    "recall_exact_sub@10": 0.45795812967502975,
    "ndcg@20": 0.71040221058139,
    "mrr@20": 0.8768612239368818,
    "precision@20": 0.5428077527821336,
    "recall_exact@20": 0.7275459103869139,
    "recall_exact_sub@20": 0.6499625596117347,
    "ndcg@50": 0.7271846565055783,
    "mrr@50": 0.8769225334606913,
    "precision@50": 0.44136700608330126,
    "recall_exact@50": 0.7871720212457198,
    "recall_exact_sub@50": 0.7185452914582554
  },
  "Dense (SBERT)": {
    "num_queries": 2000,
    "gains_used": {
      "E": 1.0,
      "S": 0.7,
      "C": 0.5,
      "I": 0.0
    },
    "caveat": "NOTE: Curated pool evaluation treats unlabeled products as Irrelevant (gain=0.0). This assumption is standard (used by Qdrant's SPLADE evaluation) but may underestimate methods that retrieve truly relevant but unlabeled products.",
    "ndcg@10": 0.6580192505799336,
    "mrr@10": 0.8412081349206351,
    "precision@10": 0.6280904761904762,
    "recall_exact@10": 0.4891174122856051,
    "recall_exact_sub@10": 0.4086405898697013,
    "ndcg@20": 0.6369213770698279,
    "mrr@20": 0.8421184206209168,
    "precision@20": 0.4919920563591036,
    "recall_exact@20": 0.6456550660990393,
    "recall_exact_sub@20": 0.5792973258040224,
    "ndcg@50": 0.6525251066469903,
    "mrr@50": 0.8422396978250276,
    "precision@50": 0.41536932102722673,
    "recall_exact@50": 0.7034213794872003,
    "recall_exact_sub@50": 0.6438401193511458
  },
  "Hybrid (RRF)": {
    "num_queries": 2000,
    "gains_used": {
      "E": 1.0,
      "S": 0.7,
      "C": 0.5,
      "I": 0.0
    },
    "caveat": "NOTE: Curated pool evaluation treats unlabeled products as Irrelevant (gain=0.0). This assumption is standard (used by Qdrant's SPLADE evaluation) but may underestimate methods that retrieve truly relevant but unlabeled products.",
    "ndcg@10": 0.7324726860726002,
    "mrr@10": 0.8889902777777777,
    "precision@10": 0.70235,
    "recall_exact@10": 0.551937994817723,
    "recall_exact_sub@10": 0.4587759765747682,
    "ndcg@20": 0.7192528367525782,
    "mrr@20": 0.8897341074774897,
    "precision@20": 0.5305650160469046,
    "recall_exact@20": 0.7352056442665096,
    "recall_exact_sub@20": 0.6647600891075733,
    "ndcg@50": 0.7604978577672976,
    "mrr@50": 0.8899146903470012,
    "precision@50": 0.31893890712680406,
    "recall_exact@50": 0.8389048425741314,
    "recall_exact_sub@50": 0.782579326602101
  },
  "BM25 Rerank (Dense)": {
    "num_queries": 2000,
    "gains_used": {
      "E": 1.0,
      "S": 0.7,
      "C": 0.5,
      "I": 0.0
    },
    "caveat": "NOTE: Curated pool evaluation treats unlabeled products as Irrelevant (gain=0.0). This assumption is standard (used by Qdrant's SPLADE evaluation) but may underestimate methods that retrieve truly relevant but unlabeled products.",
    "ndcg@10": 0.6788906799411715,
    "mrr@10": 0.8563509920634921,
    "precision@10": 0.6506904761904762,
    "recall_exact@10": 0.5046848496077609,
    "recall_exact_sub@10": 0.4204232306157983,
    "ndcg@20": 0.6511774051959739,
    "mrr@20": 0.857164405221971,
    "precision@20": 0.5006420563591035,
    "recall_exact@20": 0.6547473845693534,
    "recall_exact_sub@20": 0.5881772089679576,
    "ndcg@50": 0.661264874552003,
    "mrr@50": 0.8572570705053343,
    "precision@50": 0.41536932102722673,
    "recall_exact@50": 0.7034213794872003,
    "recall_exact_sub@50": 0.6438401193511458
  },
  "BM25 Rerank (SPLADE (Prithivi))": {
    "num_queries": 2000,
    "gains_used": {
      "E": 1.0,
      "S": 0.7,
      "C": 0.5,
      "I": 0.0
    },
    "caveat": "NOTE: Curated pool evaluation treats unlabeled products as Irrelevant (gain=0.0). This assumption is standard (used by Qdrant's SPLADE evaluation) but may underestimate methods that retrieve truly relevant but unlabeled products.",
    "ndcg@10": 0.6964473448448142,
    "mrr@10": 0.8551460317460317,
    "precision@10": 0.6753126984126984,
    "recall_exact@10": 0.5260787887129568,
    "recall_exact_sub@10": 0.4373013837808195,
    "ndcg@20": 0.689219196900536,
    "mrr@20": 0.8557940378335115,
    "precision@20": 0.5356577527821336,
    "recall_exact@20": 0.7158429631166514,
    "recall_exact_sub@20": 0.6405550856436544,
    "ndcg@50": 0.7115828725258388,
    "mrr@50": 0.8558251681017107,
    "precision@50": 0.44136700608330126,
    "recall_exact@50": 0.7871720212457198,
    "recall_exact_sub@50": 0.7185452914582554
  }
}